{
  "model": "ensemble",
  "mae": 1.9324419654295482,
  "rmse": 2.9238616646356888,
  "r2": 0.2766787278172732,
  "train_rows": 4622,
  "val_rows": 1156
}